<?xml version="1.0" encoding="UTF-8"?>
<changelog xmlns="http://www.omnigroup.com/namespace/OmniPlan/v2">
  <version>2.1</version>
  <task-change-set user="황일영" date="2018-06-04T06:38:28.289Z" timestamp="2018-06-04T06:38:28.289Z">
    <change idref="t2" to="t-1" to-position="1" resolved="yes">
      <change idref="t2" attribute="isGroup" type="real" from="0" to="1"/>
      <change idref="t2" attribute="taskType" type="real" from="0" to="2"/>
      <change idref="t2" attribute="title" type="string" to="기능구현"/>
    </change>
    <change idref="t3" to="t-1" to-position="2" resolved="yes">
      <change idref="t3" attribute="effort" type="real" from="28800" to="316800"/>
      <change idref="t3" attribute="noEarlierThanConstraintDate" type="date" to="2018-05-20T23:00:00.000Z"/>
      <change idref="t3" attribute="title" type="string" to="UI 구현"/>
    </change>
    <change idref="t4" to="t-1" to-position="3" resolved="yes">
      <change idref="t4" attribute="isGroup" type="real" from="0" to="1"/>
      <change idref="t4" attribute="taskType" type="real" from="0" to="2"/>
      <change idref="t4" attribute="title" type="string" to="테스트"/>
    </change>
    <change idref="t1" attribute="isGroup" type="real" from="0" to="1" resolved="yes"/>
    <change idref="t1" attribute="multiResourceWorkType" type="real" from="0" resolved="yes"/>
    <change idref="t1" attribute="isSplittableTask" type="real" from="1" resolved="yes"/>
    <change idref="t1" attribute="taskType" type="real" from="0" to="2" resolved="yes"/>
    <change idref="t1" attribute="title" type="string" from="작업 1" to="분석 및 설계" resolved="yes"/>
    <change idref="t1" attribute="resourceAssignmentType" type="real" from="0" resolved="yes"/>
    <change idref="t1" attribute="staticCost" type="real" from="0" resolved="yes"/>
    <change idref="t1" attribute="noLaterThanConstrainedTaskEnd" type="real" from="1" to="0" resolved="yes"/>
    <change idref="t1" attribute="effort" type="real" from="28800" resolved="yes"/>
    <change idref="t1" attribute="isSplitChunk" type="real" from="0" resolved="yes"/>
    <change idref="t1" attribute="scheduleType" type="real" from="0" resolved="yes"/>
    <change idref="t1" attribute="internalAssignments" type="string" from="" resolved="yes"/>
    <change idref="t1" attribute="isSplitTask" type="real" from="0" resolved="yes"/>
    <change idref="t1" attribute="internalEffortDone" type="real" from="0" resolved="yes"/>
    <change idref="t6" to="t1" to-position="0" resolved="yes">
      <change idref="t6" attribute="isGroup" type="real" from="0" to="1"/>
      <change idref="t6" attribute="taskType" type="real" from="0" to="2"/>
      <change idref="t6" attribute="title" type="string" to="데이터 조사"/>
    </change>
    <change idref="t7" to="t1" to-position="1" resolved="yes">
      <change idref="t7" attribute="isGroup" type="real" from="0" to="1"/>
      <change idref="t7" attribute="taskType" type="real" from="0" to="2"/>
      <change idref="t7" attribute="title" type="string" to="기능 설계"/>
    </change>
    <change idref="t8" to="t1" to-position="2" resolved="yes">
      <change idref="t8" attribute="effort" type="real" from="28800" to="316800"/>
      <change idref="t8" attribute="noEarlierThanConstraintDate" type="date" to="2018-05-24T23:00:00.000Z"/>
      <change idref="t8" attribute="title" type="string" to="DB설계"/>
    </change>
    <change idref="t9" to="t2" to-position="0" resolved="yes">
      <change idref="t9" attribute="isGroup" type="real" from="0" to="1"/>
      <change idref="t9" attribute="taskType" type="real" from="0" to="2"/>
      <change idref="t9" attribute="title" type="string" to="서버 구현"/>
    </change>
    <change idref="t10" to="t2" to-position="1" resolved="yes">
      <change idref="t10" attribute="isGroup" type="real" from="0" to="1"/>
      <change idref="t10" attribute="taskType" type="real" from="0" to="2"/>
      <change idref="t10" attribute="title" type="string" to="DB구현"/>
    </change>
    <change idref="t14" to="t4" to-position="0" resolved="yes">
      <change idref="t14" attribute="isGroup" type="real" from="0" to="1"/>
      <change idref="t14" attribute="taskType" type="real" from="0" to="2"/>
      <change idref="t14" attribute="title" type="string" to="프로토타입 테스트"/>
    </change>
    <change idref="t15" to="t4" to-position="1" resolved="yes">
      <change idref="t15" attribute="isGroup" type="real" from="0" to="1"/>
      <change idref="t15" attribute="taskType" type="real" from="0" to="2"/>
      <change idref="t15" attribute="title" type="string" to="중간 테스트"/>
    </change>
    <change idref="t16" to="t4" to-position="2" resolved="yes">
      <change idref="t16" attribute="isGroup" type="real" from="0" to="1"/>
      <change idref="t16" attribute="taskType" type="real" from="0" to="2"/>
      <change idref="t16" attribute="title" type="string" to="통합 시험"/>
    </change>
    <change idref="t17" to="t6" to-position="0" resolved="yes">
      <change idref="t17" attribute="effort" type="real" from="28800" to="230400"/>
      <change idref="t17" attribute="title" type="string" to="데이터 분석"/>
    </change>
    <change idref="t18" to="t7" to-position="0" resolved="yes">
      <change idref="t18" attribute="effort" type="real" from="28800" to="316800"/>
      <change idref="t18" attribute="noEarlierThanConstraintDate" type="date" to="2018-05-20T23:00:00.000Z"/>
      <change idref="t18" attribute="title" type="string" to="UI 설계"/>
    </change>
    <change idref="t19" to="t9" to-position="0" resolved="yes">
      <change idref="t19" attribute="effort" type="real" from="28800" to="345600"/>
      <change idref="t19" attribute="noEarlierThanConstraintDate" type="date" to="2018-05-24T23:00:00.000Z"/>
      <change idref="t19" attribute="title" type="string" to="클라이언트 구현"/>
    </change>
    <change idref="t22" to="t10" to-position="0" resolved="yes">
      <change idref="t22" attribute="effort" type="real" from="28800" to="345600"/>
      <change idref="t22" attribute="noEarlierThanConstraintDate" type="date" to="2018-05-24T23:00:00.000Z"/>
      <change idref="t22" attribute="title" type="string" to="데이터 로직 구현"/>
    </change>
    <change idref="t23" to="t14" to-position="0" resolved="yes">
      <change idref="t23" attribute="effort" type="real" from="28800" to="316800"/>
      <change idref="t23" attribute="noEarlierThanConstraintDate" type="date" to="2018-05-20T23:00:00.000Z"/>
      <change idref="t23" attribute="title" type="string" to="버그 수정"/>
    </change>
    <change idref="t24" to="t15" to-position="0" resolved="yes">
      <change idref="t24" attribute="effort" type="real" from="28800" to="288000"/>
      <change idref="t24" attribute="noEarlierThanConstraintDate" type="date" to="2018-06-03T23:00:00.000Z"/>
      <change idref="t24" attribute="title" type="string" to="중간 버그 수정"/>
    </change>
    <change idref="t25" to="t16" to-position="0" resolved="yes">
      <change idref="t25" attribute="effort" type="real" from="28800" to="144000"/>
      <change idref="t25" attribute="noEarlierThanConstraintDate" type="date" to="2018-06-10T23:00:00.000Z"/>
      <change idref="t25" attribute="title" type="string" to="작업 1"/>
    </change>
  </task-change-set>
  <task-change-set user="황일영" date="2018-06-04T06:49:13.744Z" timestamp="2018-06-04T06:49:13.744Z">
    <change idref="t2" attribute="noLaterThanConstrainedTaskEnd" type="real" from="1" to="0" resolved="yes"/>
    <change idref="t3" attribute="internalEffortDone" type="real" from="0" to="288000" resolved="yes"/>
    <change idref="t8" attribute="internalEffortDone" type="real" from="0" to="316800" resolved="yes"/>
    <change idref="t28" to="t10" to-position="1" resolved="yes">
      <change idref="t28" attribute="noEarlierThanConstraintDate" type="date" to="2018-06-03T23:00:00.000Z"/>
      <change idref="t28" attribute="title" type="string" to="작업 2"/>
    </change>
    <change idref="t17" attribute="internalEffortDone" type="real" from="0" to="230400" resolved="yes"/>
    <change idref="t18" attribute="internalEffortDone" type="real" from="0" to="316800" resolved="yes"/>
    <change idref="t19" attribute="internalEffortDone" type="real" from="0" to="345600" resolved="yes"/>
    <change idref="t22" attribute="internalEffortDone" type="real" from="0" to="345600" resolved="yes"/>
  </task-change-set>
  <task-change-set user="황일영" date="2018-06-04T07:05:48.743Z" timestamp="2018-06-04T07:05:48.743Z">
    <change idref="t3" attribute="internalEffortDone" type="real" from="288000" to="279000" resolved="yes"/>
    <change idref="t28" from="t10" from-position="1" resolved="yes">
      <change idref="t28" attribute="noEarlierThanConstraintDate" type="date" to="2018-06-03T23:00:00.000Z"/>
      <change idref="t28" attribute="title" type="string" to="작업 2"/>
    </change>
    <change idref="t25" attribute="title" type="string" from="작업 1" to="최종버그수정 " resolved="yes"/>
  </task-change-set>
  <task-change-set user="황일영" date="2018-06-04T07:31:27.204Z" timestamp="2018-06-04T07:31:27.204Z">
    <change idref="t19" attribute="internalEffortDone" type="real" from="345600" to="297000"/>
    <change idref="t22" attribute="internalEffortDone" type="real" from="345600" to="309600"/>
    <change idref="t23" attribute="internalEffortDone" type="real" from="0" to="228600"/>
  </task-change-set>
  <task-change-set user="황일영" date="2018-06-04T09:24:48.221Z" timestamp="2018-06-04T09:24:48.221Z">
    <change idref="t19" attribute="internalEffortDone" type="real" from="297000" to="241200"/>
    <change idref="t22" attribute="internalEffortDone" type="real" from="309600" to="243000"/>
  </task-change-set>
  <task-change-set user="황일영" date="2018-06-04T09:35:01.117Z" timestamp="2018-06-04T09:35:01.117Z">
    <change idref="t19" attribute="internalEffortDone" type="real" from="241200" to="208800"/>
    <change idref="t22" attribute="internalEffortDone" type="real" from="243000" to="207000"/>
  </task-change-set>
  <metadata-change-set user="황일영" date="2018-06-04T06:38:28.288Z" timestamp="2018-06-04T06:38:28.288Z">
    <change idref="m1" attribute="fixedDate" type="date" from="2007-01-01T20:00:00.000Z" to="2018-05-13T23:00:00.000Z" resolved="yes"/>
  </metadata-change-set>
</changelog>
