<?xml version="1.0" encoding="UTF-8"?>
<scenario xmlns="http://www.omnigroup.com/namespace/OmniPlan/v2" xmlns:opns="http://www.omnigroup.com/namespace/OmniPlan/v2" id="gqcL_j39idr">
  <start-date>2018-05-13T23:00:00.000Z</start-date>
  <prototype-task>
    <task id="t-2">
      <title>작업 1</title>
      <effort>28800</effort>
    </task>
  </prototype-task>
  <prototype-task>
    <task id="t-3">
      <title>마일스톤 1</title>
      <type>milestone</type>
    </task>
  </prototype-task>
  <prototype-task>
    <task id="t-4">
      <title>그룹 1</title>
      <type>group</type>
    </task>
  </prototype-task>
  <prototype-resource>
    <resource id="r-2">
      <name>리소스 1</name>
      <type>Staff</type>
    </resource>
  </prototype-resource>
  <prototype-resource>
    <resource id="r-3">
      <name>장비 1</name>
      <type>Equipment</type>
    </resource>
  </prototype-resource>
  <prototype-resource>
    <resource id="r-4">
      <name>자료 1</name>
      <type>Material</type>
      <units-available>0</units-available>
      <efficiency>0</efficiency>
    </resource>
  </prototype-resource>
  <prototype-resource>
    <resource id="r-5">
      <name>그룹 1</name>
      <type>Group</type>
    </resource>
  </prototype-resource>
  <top-resource idref="r-1"/>
  <resource id="r-1">
    <name/>
    <type>Group</type>
    <child-resource idref="r1"/>
  </resource>
  <resource id="r1">
    <name>리소스 1</name>
    <type>Staff</type>
  </resource>
  <top-task idref="t-1"/>
  <task id="t-1">
    <type>group</type>
    <child-task idref="t1"/>
    <child-task idref="t2"/>
    <child-task idref="t3"/>
    <child-task idref="t4"/>
  </task>
  <task id="t1">
    <title>분석 및 설계</title>
    <type>group</type>
    <child-task idref="t6"/>
    <child-task idref="t7"/>
    <child-task idref="t8"/>
  </task>
  <task id="t2">
    <title>기능구현</title>
    <type>group</type>
    <child-task idref="t9"/>
    <child-task idref="t10"/>
  </task>
  <task id="t3">
    <title>UI 구현</title>
    <effort>316800</effort>
    <effort-done>279000</effort-done>
    <start-constraint-date>2018-05-20T23:00:00.000Z</start-constraint-date>
    <start-no-earlier-than>2018-05-20T23:00:00.000Z</start-no-earlier-than>
  </task>
  <task id="t4">
    <title>테스트</title>
    <type>group</type>
    <child-task idref="t14"/>
    <child-task idref="t15"/>
    <child-task idref="t16"/>
  </task>
  <task id="t6">
    <title>데이터 조사</title>
    <type>group</type>
    <child-task idref="t17"/>
  </task>
  <task id="t7">
    <title>기능 설계</title>
    <type>group</type>
    <child-task idref="t18"/>
  </task>
  <task id="t8">
    <title>DB설계</title>
    <effort>316800</effort>
    <effort-done>316800</effort-done>
    <start-constraint-date>2018-05-24T23:00:00.000Z</start-constraint-date>
    <start-no-earlier-than>2018-05-24T23:00:00.000Z</start-no-earlier-than>
  </task>
  <task id="t9">
    <title>서버 구현</title>
    <type>group</type>
    <child-task idref="t19"/>
  </task>
  <task id="t10">
    <title>DB구현</title>
    <type>group</type>
    <child-task idref="t22"/>
  </task>
  <task id="t14">
    <title>프로토타입 테스트</title>
    <type>group</type>
    <child-task idref="t23"/>
  </task>
  <task id="t15">
    <title>중간 테스트</title>
    <type>group</type>
    <child-task idref="t24"/>
  </task>
  <task id="t16">
    <title>통합 시험</title>
    <type>group</type>
    <child-task idref="t25"/>
  </task>
  <task id="t17">
    <title>데이터 분석</title>
    <effort>230400</effort>
    <effort-done>230400</effort-done>
  </task>
  <task id="t18">
    <title>UI 설계</title>
    <effort>316800</effort>
    <effort-done>316800</effort-done>
    <start-constraint-date>2018-05-20T23:00:00.000Z</start-constraint-date>
    <start-no-earlier-than>2018-05-20T23:00:00.000Z</start-no-earlier-than>
  </task>
  <task id="t19">
    <title>클라이언트 구현</title>
    <effort>345600</effort>
    <effort-done>208800</effort-done>
    <start-constraint-date>2018-05-24T23:00:00.000Z</start-constraint-date>
    <start-no-earlier-than>2018-05-24T23:00:00.000Z</start-no-earlier-than>
  </task>
  <task id="t22">
    <title>데이터 로직 구현</title>
    <effort>345600</effort>
    <effort-done>207000</effort-done>
    <start-constraint-date>2018-05-24T23:00:00.000Z</start-constraint-date>
    <start-no-earlier-than>2018-05-24T23:00:00.000Z</start-no-earlier-than>
  </task>
  <task id="t23">
    <title>버그 수정</title>
    <effort>316800</effort>
    <effort-done>228600</effort-done>
    <start-constraint-date>2018-05-20T23:00:00.000Z</start-constraint-date>
    <start-no-earlier-than>2018-05-20T23:00:00.000Z</start-no-earlier-than>
  </task>
  <task id="t24">
    <title>중간 버그 수정</title>
    <effort>288000</effort>
    <start-constraint-date>2018-06-03T23:00:00.000Z</start-constraint-date>
    <start-no-earlier-than>2018-06-03T23:00:00.000Z</start-no-earlier-than>
  </task>
  <task id="t25">
    <title>최종버그수정 </title>
    <effort>144000</effort>
    <start-constraint-date>2018-06-10T23:00:00.000Z</start-constraint-date>
    <start-no-earlier-than>2018-06-10T23:00:00.000Z</start-no-earlier-than>
  </task>
  <critical-path root="-1" enabled="false" resources="false">
    <color space="srgb" r="1" g="0.5" b="0.5"/>
  </critical-path>
</scenario>
